frame,p_wb_x,p_wb_y,p_wb_z,R_wb_00,R_wb_01,R_wb_02,R_wb_10,R_wb_11,R_wb_12,R_wb_20,R_wb_21,R_wb_22
0,0.0,-0.0,0.0,1.0,-0.0,0.0,0.0,1.0,0.0,0.0,0.0,1.0
1,0.18,-0.04,0.0,0.9998476951563913,-0.01745240643728351,0.0,0.01745240643728351,0.9998476951563913,0.0,0.0,0.0,1.0
2,0.36,-0.08,0.0,0.9993908270190958,-0.03489949670250097,0.0,0.03489949670250097,0.9993908270190958,0.0,0.0,0.0,1.0
3,0.54,-0.12,0.0,0.9986295347545738,-0.052335956242943835,0.0,0.052335956242943835,0.9986295347545738,0.0,0.0,0.0,1.0
4,0.72,-0.16,0.0,0.9975640502598242,-0.0697564737441253,0.0,0.0697564737441253,0.9975640502598242,0.0,0.0,0.0,1.0
5,0.8999999999999999,-0.2,0.0,0.9961946980917455,-0.08715574274765817,0.0,0.08715574274765817,0.9961946980917455,0.0,0.0,0.0,1.0
6,1.08,-0.24,0.0,0.9945218953682733,-0.10452846326765347,0.0,0.10452846326765347,0.9945218953682733,0.0,0.0,0.0,1.0
7,1.26,-0.28,0.0,0.992546151641322,-0.12186934340514748,0.0,0.12186934340514748,0.992546151641322,0.0,0.0,0.0,1.0
